id,x,u
-1,0.0,0.0
-2,0.05,0.1
-3,0.1,0.2
-4,0.15000000000000002,0.30000000000000004
-5,0.2,0.4
-6,0.25,0.5
-7,0.30000000000000004,0.6000000000000001
-8,0.35000000000000003,0.7000000000000001
-9,0.4,0.8
-10,0.45,0.9
-11,0.5,1.0
-12,0.55,1.1
-13,0.6000000000000001,1.2000000000000002
-14,0.65,1.3
-15,0.7000000000000001,1.4000000000000001
-16,0.75,1.5
-17,0.8,1.6
-18,0.8500000000000001,1.7000000000000002
-19,0.9,1.8
-20,0.9500000000000001,1.9000000000000001
-21,1.0,2.0
